Date,USD/INR,BSE Sensex,Gold Price
01-19-2018,63.83,35511.58,1333.1
01-18-2018,63.87,35260.29,1327.2
01-17-2018,63.89,35081.82,1339.2
01-16-2018,64.02,34771.05,1337.1
01-15-2018,63.52,34843.51,1341.8
01-12-2018,63.61,34592.39,1337.4
01-11-2018,63.69,34503.49,1334.9
01-10-2018,63.63,34433.07,1322.5
01-09-2018,63.67,34443.19,1319.3
01-08-2018,63.48,34352.79,1313.7
01-05-2018,63.34,34153.85,1320.4
01-04-2018,63.4,33969.64,1322.3
01-03-2018,63.51,33793.38,1321.6
01-02-2018,63.46,33812.26,1318.5
01-01-2018,63.68,33812.75,1316.1
12-29-2017,63.84,34056.83,1308.7
12-28-2017,64.08,33848.03,1309.3
12-27-2017,64.12,33911.81,1297.2
12-26-2017,64.05,34010.61,1291.4
12-25-2017,64.02,33940.3,1287.5
12-22-2017,64.02,33756.28,1277.9
12-21-2017,64.02,33777.38,1278.8
12-20-2017,64.12,33836.74,1270.6
12-19-2017,64.06,33601.68,1269.6
12-18-2017,64.21,33462.97,1264.2
12-15-2017,64.08,33246.7,1265.5
12-14-2017,64.34,33053.04,1257.5
12-13-2017,64.46,33227.99,1257.1
12-12-2017,64.41,33455.79,1248.6
12-11-2017,64.36,33250.3,1241.7
12-08-2017,64.48,32949.21,1246.9
12-07-2017,64.57,32597.18,1248.4
12-06-2017,64.53,32802.44,1253.1
12-05-2017,64.36,32869.72,1266.1
12-04-2017,64.38,32832.94,1264.9
12-01-2017,64.52,33149.35,1277.7
11-30-2017,64.49,33602.76,1282.3
11-29-2017,64.36,33618.59,1276.7
11-28-2017,64.41,33724.44,1286.2
11-27-2017,64.48,33679.24,1299.2
11-24-2017,64.68,33588.08,1298.9
11-23-2017,64.57,33561.55,1291.8
11-22-2017,64.88,33478.35,1291.66
11-21-2017,64.88,33359.9,1296.8
11-20-2017,65.1,33342.8,1286.2
11-17-2017,65.02,33106.82,1275.3
11-16-2017,65.3,32760.44,1296.5
11-15-2017,65.27,32941.87,1278.2
11-14-2017,65.41,33033.56,1277.7
11-13-2017,65.44,33314.56,1282.9
11-10-2017,65.19,33250.93,1278.9
11-09-2017,64.98,33218.81,1274.2
11-08-2017,64.92,33370.76,1287.5
11-07-2017,65.06,33731.19,1283.7
11-06-2017,64.63,33685.56,1275.8
11-03-2017,64.56,33573.22,1281.6
11-02-2017,64.58,33600.27,1269.2
11-01-2017,64.57,33213.13,1278.1
10-31-2017,64.75,33266.16,1277.3
10-30-2017,64.86,33157.22,1270.5
10-27-2017,65.04,33147.13,1277.7
10-26-2017,64.84,33042.5,1271.8
10-25-2017,64.93,32607.34,1269.6
10-24-2017,65.09,32506.72,1279
10-23-2017,65.02,32572.93,1278.3
10-20-2017,65.04,32584.35,1280.9
10-19-2017,65,32609.16,1280.5
10-18-2017,65.06,32633.64,1290
10-17-2017,65.03,32432.69,1283
10-16-2017,64.7,32182.22,1286.2
10-13-2017,64.7,31833.99,1303
10-12-2017,65.06,31924.41,1304.6
10-11-2017,65.16,31846.89,1296.5
10-10-2017,65.25,31814.22,1288.9
10-09-2017,65.36,31592.03,1293.8
10-06-2017,65.4,31671.71,1285
10-05-2017,65.15,31497.38,1274.9
10-04-2017,65.03,31283.72,1273.2
10-03-2017,65.49,31282.48,1276.8
10-02-2017,65.31,31159.81,1274.6
09-29-2017,65.31,31599.76,1275.8
09-28-2017,65.47,31626.63,1284.8
09-27-2017,65.72,31922.44,1288.7
09-26-2017,65.46,32370.04,1287.8
09-25-2017,65.13,32400.51,1301.7
09-22-2017,64.8,32402.37,1311.5
09-21-2017,64.81,32423.76,1297.5
09-20-2017,64.29,32272.61,1294.8
09-19-2017,64.3,32241.93,1316.4
09-18-2017,64.16,32186.41,1310.6
09-15-2017,64.11,32158.66,1310.8
09-14-2017,64.12,31882.16,1325.2
09-13-2017,64.01,31687.52,1329.3
09-12-2017,64.03,31662.74,1328
09-11-2017,63.94,31661.97,1332.7
09-08-2017,63.79,31809.55,1335.7
09-07-2017,64.02,31702.25,1351.2
09-06-2017,64.06,31892.23,1350.3
09-05-2017,64.11,31730.49,1339
09-04-2017,64.04,31646.46,1344.5
09-01-2017,64.03,31388.39,1338.08
08-31-2017,63.94,31750.82,1341.22
08-30-2017,63.99,31596.06,1330.4
08-29-2017,64.02,31568.01,1322.2
08-28-2017,63.91,31291.85,1314.1
08-25-2017,64.01,31258.85,1318.9
08-24-2017,64.05,31524.68,1315.3
08-23-2017,64.05,31795.46,1297.9
08-22-2017,64.07,31770.89,1292
08-21-2017,64.11,31449.03,1294.7
08-18-2017,64.1,31213.59,1291
08-17-2017,64.17,31531.33,1296.7
08-16-2017,64.17,31797.84,1291.6
08-15-2017,64.12,32014.19,1292.4
08-14-2017,64.09,32273.67,1282.9
08-11-2017,64.14,32325.41,1279.7
08-10-2017,64.1,32237.88,1290.4
08-09-2017,63.86,32476.74,1294
08-08-2017,63.69,32575.17,1290.1
08-07-2017,63.84,32514.94,1279.3
08-04-2017,63.68,32309.88,1262.6
08-03-2017,63.71,32383.3,1264.7
08-02-2017,63.64,32382.46,1264.6
08-01-2017,64.1,32228.27,1274.4
07-31-2017,64.2,32245.87,1278.4
07-28-2017,64.12,32028.89,1279.4
07-27-2017,64.13,31904.4,1273.4
07-26-2017,64.36,31955.35,1275.3
07-25-2017,64.39,31710.99,1266.5
07-24-2017,64.4,32074.78,1255.6
07-21-2017,64.39,32020.75,1258.5
07-20-2017,64.38,32037.38,1254.3
07-19-2017,64.27,31804.82,1254.9
07-18-2017,64.32,31747.09,1245.5
07-17-2017,64.35,31715.64,1242
07-14-2017,64.42,31360.63,1241.9
07-13-2017,64.46,31369.34,1233.7
07-12-2017,64.48,31245.56,1227.5
07-11-2017,64.57,31209.79,1217.3
07-10-2017,64.48,31221.62,1219.1
07-07-2017,64.63,30921.61,1214.7
07-06-2017,64.73,30857.52,1213.2
07-05-2017,64.8,30834.32,1209.7
07-04-2017,64.79,30958.25,1223.3
07-03-2017,64.85,31138.21,1221.7
06-30-2017,64.62,31290.74,1227.55
06-29-2017,64.66,31283.64,1219.2
06-28-2017,64.53,31297.53,1242.3
06-27-2017,64.48,31311.57,1245.8
06-26-2017,64.44,31056.4,1249.1
06-23-2017,64.51,31075.73,1246.9
06-22-2017,64.61,31155.91,1246.4
06-21-2017,64.53,31103.49,1256.4
06-20-2017,64.54,31095.7,1249.4
06-19-2017,64.5,31262.06,1245.8
06-16-2017,64.47,31213.36,1243.5
06-15-2017,64.57,31271.28,1246.7
06-14-2017,64.24,31190.56,1256.5
06-13-2017,64.35,31309.49,1254.6
06-12-2017,64.48,31273.29,1275.9
06-09-2017,64.25,31137.59,1268.6
06-08-2017,64.25,31145.8,1268.9
06-07-2017,64.44,31159.4,1271.4
06-06-2017,64.43,31109.28,1279.5
06-05-2017,64.35,31028.21,1293.2
06-02-2017,64.42,30750.03,1297.5
06-01-2017,64.48,30301.64,1282.7
05-31-2017,64.51,30365.25,1280.2
05-30-2017,64.64,30570.97,1270.1
05-29-2017,64.54,30464.92,1275.4
05-26-2017,64.51,30434.79,1265.7
05-25-2017,64.56,30658.77,1266.69
05-24-2017,64.77,30582.6,1268.22
05-23-2017,64.9,30322.12,1271.4
05-22-2017,64.51,30188.15,1259.8
05-19-2017,64.57,30250.98,1256.5
05-18-2017,64.88,30248.17,1258.9
05-17-2017,64.13,29933.25,1264.8
05-16-2017,64.05,29926.15,1253.6
05-15-2017,64.07,29858.8,1252.8
05-12-2017,64.24,30126.21,1258.7
05-11-2017,64.41,29894.8,1236.4
05-10-2017,64.62,29921.18,1230
05-09-2017,64.68,29918.4,1227.7
05-08-2017,64.36,30029.74,1224.2
05-05-2017,64.32,30133.35,1218.9
05-04-2017,64.22,29943.24,1216.1
05-03-2017,64.17,29655.84,1227.1
05-02-2017,64.17,29365.3,1226.9
05-01-2017,64.26,29422.39,1228.6
04-28-2017,64.29,29336.57,1248.5
04-27-2017,64.12,29319.1,1257
04-26-2017,64.13,29413.66,1255.5
04-25-2017,64.33,29461.45,1268.3
04-24-2017,64.49,29643.48,1265.9
04-21-2017,64.65,29788.35,1264.2
04-20-2017,64.62,29575.74,1267.2
04-19-2017,64.67,29706.61,1277.5
04-18-2017,64.61,29927.34,1289.1
04-17-2017,64.48,29974.24,1283.8
04-14-2017,64.48,29910.22,1283.4
04-13-2017,64.45,29620.5,1294.1
04-12-2017,64.69,29647.42,1291.9
04-11-2017,64.56,29531.43,1289.65
04-10-2017,64.61,29409.52,1288.5
04-07-2017,64.27,29237.15,1278.1
04-06-2017,64.61,29421.4,1274.2
04-05-2017,64.88,29332.16,1253.9
04-04-2017,65.08,29167.68,1257.3
04-03-2017,64.99,29485.45,1253.3
03-31-2017,64.86,29518.74,1248.5
03-30-2017,64.86,29648.99,1258.4
03-29-2017,64.88,29585.85,1254
03-28-2017,65.05,29398.11,1251.2
03-27-2017,65,29442.63,1248
03-24-2017,65.43,28946.23,1256.8
03-23-2017,65.46,28929.13,1258.8
03-22-2017,65.46,28901.94,1258.8
03-21-2017,65.35,28999.56,1251.7
03-20-2017,65.35,29048.19,1250.1
03-17-2017,65.48,28832.45,1252.8
03-16-2017,65.39,28839.79,1249.6
03-15-2017,65.63,28984.49,1237.2
03-14-2017,65.78,28743.32,1233.2
03-13-2017,66.18,28812.88,1230.2
03-10-2017,66.56,28892.97,1203.8
03-09-2017,66.69,28864.71,1201.9
03-08-2017,66.77,28761.59,1202.4
03-07-2017,66.63,28661.58,1200.7
03-06-2017,66.68,28468.75,1202.4
03-03-2017,66.78,28301.27,1208.5
03-02-2017,66.79,28155.56,1215.1
03-01-2017,66.87,28339.31,1224.5
02-28-2017,66.73,28351.62,1225.5
02-27-2017,66.7,28334.25,1231.9
02-24-2017,66.65,28329.7,1248.9
02-23-2017,66.69,28289.92,1252.6
02-22-2017,66.95,28335.16,1257.4
02-21-2017,66.99,28439.28,1256.9
02-20-2017,66.91,28240.52,1250.2
02-17-2017,67.08,28226.61,1232
02-16-2017,67.08,28141.64,1237.5
02-15-2017,66.88,27655.96,1238.2
02-14-2017,66.84,27849.56,1237.3
02-13-2017,66.98,27882.46,1237.6
02-10-2017,66.85,27708.14,1240
02-09-2017,66.77,27375.58,1231.7
02-08-2017,67.05,27117.34,1223.9
02-07-2017,67.35,27034.5,1224.4
02-06-2017,67.2,27308.6,1234.4
02-03-2017,67.18,27257.64,1235.1
02-02-2017,67.21,27235.66,1237.6
02-01-2017,67.42,27288.17,1234.2
01-31-2017,67.52,27238.06,1230
01-30-2017,67.83,27247.16,1218.5
01-27-2017,68.11,27140.41,1216.7
01-26-2017,68.18,26899.56,1205.6
01-25-2017,67.99,26726.55,1208.6
01-24-2017,68.14,26759.23,1193.2
01-23-2017,68.05,26878.24,1188.1
01-20-2017,68.08,26633.13,1189.5
01-19-2017,68.1,26643.24,1197.3
01-18-2017,68.22,26595.45,1210.3
01-17-2017,67.86,26626.46,1215
01-16-2017,68.1,26366.15,1204.3
01-13-2017,68.18,26210.68,1200.9
01-12-2017,68.14,26213.44,1211.3
01-11-2017,68.31,25807.1,1212
01-10-2017,68.33,26040.7,1202.85
01-09-2017,68.1,25979.6,1203.35
01-06-2017,68.12,26242.38,1195.3
01-05-2017,67.74,26307.98,1198.9
01-04-2017,67.89,26374.7,1195.6
01-03-2017,68.26,26489.56,1184.2
01-02-2017,68.15,26519.07,1183.5
12-30-2016,67.96,26602.84,1171.9
12-29-2016,67.94,26697.82,1179.7
12-28-2016,68.23,26515.24,1163.8
12-27-2016,67.98,26747.18,1160.4
12-26-2016,67.76,26694.28,1151.05
12-23-2016,67.84,26236.87,1150
12-22-2016,67.85,26392.76,1156.4
12-21-2016,67.84,26349.1,1139.4
12-20-2016,67.92,26230.66,1137.3
12-19-2016,67.84,26559.92,1134.55
12-16-2016,67.86,26652.81,1135
12-15-2016,67.86,26394.01,1131.9
12-14-2016,67.48,26350.17,1128.8
12-13-2016,67.41,26316.34,1131.1
12-12-2016,67.43,25860.17,1131.5
12-09-2016,67.47,26051.81,1140.5
12-08-2016,67.55,25960.78,1135.3
12-07-2016,67.44,25765.14,1127.8
12-06-2016,67.74,26150.24,1161.3
12-05-2016,68.03,26227.62,1156.7
12-02-2016,68.03,26298.69,1163.5
12-01-2016,68.24,26304.63,1159.4
11-30-2016,68.6,26818.82,1169.8
11-29-2016,68.62,27517.68,1175
11-28-2016,68.58,27252.53,1167.6
11-25-2016,68.52,27591.14,1174
11-24-2016,68.76,27458.99,1175.1
11-23-2016,68.78,27274.15,1166.9
11-22-2016,68.4,27430.28,1170.8
11-21-2016,68.23,27527.22,1187.9
11-18-2016,68.19,27876.61,1190.6
11-17-2016,68.02,27930.21,1178.2
11-16-2016,68,27941.51,1185.55
11-15-2016,67.79,27915.9,1189.1
11-14-2016,67.79,27836.51,1211
11-11-2016,67.57,28091.42,1215.85
11-10-2016,66.87,28179.08,1205.95
11-09-2016,66.52,28077.18,1208.5
11-08-2016,66.25,28129.84,1216.5
11-07-2016,66.75,27984.37,1223.4
11-04-2016,66.8,28050.88,1224
11-03-2016,66.67,27529.97,1221.2
11-02-2016,66.76,27673.6,1223.5
11-01-2016,66.7,27643.11,1265.5
10-31-2016,66.69,28082.34,1272.6
10-28-2016,66.78,28061.14,1273.4
10-27-2016,66.88,28106.21,1278.3
10-26-2016,66.86,28220.98,1303.3
10-25-2016,66.81,28334.55,1302.1
10-24-2016,66.85,28243.29,1306.8
10-21-2016,66.93,27865.96,1286.4
10-20-2016,66.83,27827.53,1271.5
10-19-2016,66.65,28292.81,1275.5
10-18-2016,66.73,28223.7,1267.9
10-17-2016,66.79,28294.28,1264.8
10-14-2016,66.72,28668.22,1271.9
10-13-2016,66.79,28773.13,1262
10-12-2016,66.81,28507.42,1267.05
10-11-2016,66.83,28523.2,1265.6
10-10-2016,66.49,28634.5,1267.9
10-07-2016,66.6,28599.03,1260.8
10-06-2016,66.7,28412.89,1254.4
10-05-2016,66.57,28372.23,1253.1
10-04-2016,66.61,28353.54,1255
10-03-2016,66.55,28797.25,1251.1
09-30-2016,66.56,29045.28,1253
09-29-2016,66.81,28926.36,1257.5
09-28-2016,66.35,28978.02,1248.9
09-27-2016,66.43,28532.11,1249.8
09-26-2016,66.61,28423.48,1265.2
09-23-2016,66.71,28452.17,1266.3
09-22-2016,66.63,28343.01,1309
09-21-2016,66.74,27902.66,1313.3
09-20-2016,66.99,27782.25,1321.7
09-19-2016,66.98,27835.91,1326.95
09-16-2016,67.08,28059.94,1325.9
09-15-2016,66.86,27990.21,1339.7
09-14-2016,66.8,27985.54,1341.55
09-13-2016,67.14,28077,1340.4
09-12-2016,66.74,28123.44,1326.9
09-09-2016,66.9,28005.37,1319.25
09-08-2016,66.63,28064.61,1317.15
09-07-2016,66.48,28152.4,1314.15
09-06-2016,66.28,27859.6,1305.8
09-05-2016,66.47,27774.88,1313.5
09-02-2016,66.8,28085.16,1321.5
09-01-2016,66.8,28182.57,1319
08-31-2016,66.97,28078.35,1321
08-30-2016,67.14,27714.37,1330.1
08-29-2016,67.11,27697.51,1336.8
08-26-2016,67.14,27981.71,1344.3
08-25-2016,67.02,28003.12,1349.4
08-24-2016,67.17,28051.86,1331.1
08-23-2016,67.12,28208.62,1326.25
08-22-2016,67.2,28024.33,1322.1
08-19-2016,67.14,27976.52,1312.2
08-18-2016,66.83,28095.34,1306.9
08-17-2016,66.89,27803.24,1311.7
08-16-2016,66.87,27710.52,1322.9
08-15-2016,66.85,27915.89,1321.5
08-12-2016,66.91,27787.62,1320.1
08-11-2016,66.75,27746.66,1324.4
08-10-2016,66.77,27836.5,1340.6
08-09-2016,66.77,27942.11,1337.7
08-08-2016,66.81,27815.18,1340.4
08-05-2016,66.84,27808.14,1351.2
08-04-2016,66.84,27626.69,1342.7
08-03-2016,66.77,27126.9,1350.5
08-02-2016,66.68,27201.49,1340.3
08-01-2016,66.76,27166.87,1335.8
07-29-2016,66.66,27278.76,1342.5
07-28-2016,67.01,27144.91,1344.3
07-27-2016,67.07,26999.72,1339
07-26-2016,67.32,26740.39,1333.4
07-25-2016,67.41,26524.55,1336.4
07-22-2016,67.15,26402.96,1358.8
07-21-2016,67.15,26397.71,1356.1
07-20-2016,67.16,27002.22,1364.4
07-19-2016,67.2,26765.65,1351.4
07-18-2016,67.14,26812.78,1349
07-15-2016,67.14,26866.92,1332.3
07-14-2016,66.84,26625.91,1326.6
07-13-2016,67.02,26525.46,1320.7
07-12-2016,66.98,26726.34,1319.3
07-11-2016,67.14,26395.71,1323.1
07-08-2016,67.14,26396.77,1330.5
07-07-2016,67.5,26635.75,1318.8
07-06-2016,67.41,26763.46,1331.5
07-05-2016,67.43,27020.66,1328.4
07-04-2016,67.27,27009.67,1326.5
07-01-2016,67.19,26777.45,1331.3
06-30-2016,67.5,26843.03,1342.4
06-29-2016,67.42,26843.14,1334.1
06-28-2016,67.72,26713.93,1355
06-27-2016,67.91,26667.96,1356.6
06-24-2016,67.89,26725.6,1360.1
06-23-2016,67.28,26653.6,1364.9
06-22-2016,67.45,26366.68,1356.4
06-21-2016,67.62,25881.17,1352
06-20-2016,67.55,25305.47,1345.5
06-17-2016,67.07,25230.36,1336.7
06-16-2016,67.32,25301.9,1318.4
06-15-2016,67.08,25399.72,1323.9
06-14-2016,67.29,25704.61,1315.3
06-13-2016,67.19,25773.61,1322.5
06-10-2016,66.95,25653.23,1320
06-09-2016,66.75,25489.57,1261.2
06-08-2016,66.5,25790.22,1268
06-07-2016,66.66,25597.02,1270.5
06-06-2016,66.79,25772.53,1290
06-03-2016,67,25688.86,1292.5
06-02-2016,67.27,25228.5,1296.1
06-01-2016,67.43,25262.21,1285.8
05-31-2016,67.21,25101.73,1285.6
05-30-2016,67.17,25229.7,1284.4
05-27-2016,67.03,25436.97,1273.4
05-26-2016,66.93,25606.62,1270.2
05-25-2016,67.27,25603.1,1259.8
05-24-2016,67.63,26064.12,1244.4
05-23-2016,67.41,26007.3,1244.6
05-20-2016,67.41,25678.93,1240.1
05-19-2016,67.44,25838.14,1209.8
05-18-2016,67.14,25880.38,1211.9
05-17-2016,66.83,25844.18,1214.8
05-16-2016,66.84,25816.36,1212.15
05-13-2016,66.86,25626.75,1213.8
05-12-2016,66.76,25145.59,1220.1
05-11-2016,66.56,25022.16,1223.5
05-10-2016,66.63,24673.84,1228.9
05-09-2016,66.75,24685.42,1251.1
05-06-2016,66.6,24900.63,1252.4
05-05-2016,66.56,24883.59,1254.2
05-04-2016,66.63,25399.65,1273.7
05-03-2016,66.56,25269.64,1276.2
05-02-2016,66.35,25341.86,1273.4
04-29-2016,66.43,25338.58,1271.9
04-28-2016,66.4,24900.46,1270.3
04-27-2016,66.36,24966.4,1274.6
04-26-2016,66.4,25337.56,1263.9
04-25-2016,66.69,25330.49,1265.6
04-22-2016,66.66,25285.37,1292.9
04-21-2016,66.49,24952.74,1271.4
04-20-2016,66.17,24677.37,1273.3
04-19-2016,66.15,24682.48,1290.7
04-18-2016,66.42,24551.17,1294.7
04-15-2016,66.66,24804.28,1289.2
04-14-2016,66.6,24717.99,1265.5
04-13-2016,66.5,24623.34,1249.2
04-12-2016,66.28,24793.96,1242.2
04-11-2016,66.29,24659.23,1238.9
04-08-2016,66.55,24646.48,1228.7
04-07-2016,66.76,24606.99,1249
04-06-2016,66.52,24242.98,1253.2
04-05-2016,66.42,23779.35,1253
04-04-2016,66.11,23002,1233.6
04-01-2016,66.37,23154.3,1233.1
03-31-2016,66.26,22976,1225
03-30-2016,66.38,23088.93,1246.8
03-29-2016,66.38,23410.18,1259.4
03-28-2016,66.61,23788.79,1256.7
03-25-2016,66.83,23709.15,1242.5
03-24-2016,66.92,23649.22,1236.2
03-23-2016,66.93,23381.87,1222.5
03-22-2016,66.76,23191.97,1228.4
03-21-2016,66.5,23554.12,1218
03-18-2016,66.38,22986.12,1222.2
03-17-2016,66.62,22951.83,1234.2
03-16-2016,67.17,23758.9,1226.9
03-15-2016,67.37,24020.98,1235.6
03-14-2016,67.14,24287.42,1219.9
03-11-2016,66.92,24616.97,1216.7
03-10-2016,67.3,24338.43,1221.4
03-09-2016,67.13,24223.32,1223.7
03-08-2016,67.31,24539,1248.2
03-07-2016,66.99,24824.83,1243.8
03-04-2016,66.94,24870.69,1253.8
03-03-2016,67.12,24469.57,1264.5
03-02-2016,67.4,24492.39,1229.3
03-01-2016,67.75,24485.95,1230.4
02-29-2016,68.21,24435.66,1244.4
02-26-2016,68.74,23962.21,1258.7
02-25-2016,68.77,24062.04,1272
02-24-2016,68.43,24479.84,1256.6
02-23-2016,68.56,24188.37,1262.1
02-22-2016,68.53,24455.04,1263.2
02-19-2016,68.55,24772.97,1269.9
02-18-2016,68.54,24854.11,1257.4
02-17-2016,68.33,24682.03,1241.1
02-16-2016,68.47,24825.04,1230.3
02-15-2016,68.13,24934.33,1233.9
02-12-2016,68.12,24851.83,1219.8
02-11-2016,68.47,25406.33,1238.2
02-10-2016,67.86,25580.34,1238.7
02-09-2016,67.9,25623.35,1222.3
02-08-2016,68.03,26160.9,1209.5
02-05-2016,67.81,26117.54,1230.4
02-04-2016,67.54,25960.03,1226.1
02-03-2016,67.93,26079.48,1211.1
02-02-2016,67.98,26034.13,1207.9
02-01-2016,67.84,25838.71,1208.1
01-29-2016,67.88,25850.3,1233.6
01-28-2016,68.05,25590.65,1239.1
01-27-2016,68.14,25735.9,1247.9
01-26-2016,67.74,25519.22,1194.7
01-25-2016,67.76,25803.78,1198.7
01-22-2016,67.55,25494.37,1197.9
01-21-2016,67.8,25320.44,1157.8
01-20-2016,67.96,25150.35,1157.6
01-19-2016,67.73,25044.43,1141.3
01-18-2016,67.66,25252.32,1127.3
01-15-2016,67.78,25036.05,1127.9
01-14-2016,67.32,25310.33,1116.4
01-13-2016,66.92,25530.11,1115.6
01-12-2016,66.95,25638.11,1116.1
01-11-2016,66.76,25886.62,1121.7
01-08-2016,66.85,26117.85,1106.2
01-07-2016,66.89,26169.41,1097.2
01-06-2016,66.7,26145.67,1099.1
01-05-2016,66.48,26128.2,1107.1
01-04-2016,66.58,25958.63,1089.9
01-01-2016,66.24,25775.74,1088.5
12-31-2015,66.21,25819.34,1090.3
12-30-2015,66.48,25868.49,1091.5
12-29-2015,66.24,25841.92,1073.9
12-28-2015,66.14,25482.52,1087.5
12-25-2015,66.03,25864.47,1085.6
12-24-2015,65.95,25760.1,1096.5
12-23-2015,66.04,25610.53,1097.8
12-22-2015,66.24,25863.92,1107.7
12-21-2015,66.25,25743.26,1091.9
12-18-2015,66.26,26121.4,1078.4
12-17-2015,66.42,26265.24,1075.1
12-16-2015,66.48,26304.2,1060.3
12-15-2015,66.86,26552.92,1060.1
12-14-2015,67.09,26590.59,1077.5
12-11-2015,67.15,26559.15,1070.5
12-10-2015,66.76,26656.83,1077.2
12-09-2015,66.86,26838.14,1069.4
12-08-2015,66.86,27039.76,1074.8
12-07-2015,66.77,27253.44,1081.9
12-04-2015,66.64,27361.96,1066.2
12-03-2015,66.79,27470.81,1050.8
12-02-2015,66.59,27287.66,1078
12-01-2015,66.43,27306.83,1062.9
11-30-2015,66.46,27364.92,1064.7
11-27-2015,66.91,27214.6,1076.9
11-26-2015,66.57,27010.14,1073.1
11-25-2015,66.37,26779.66,1077.6
11-24-2015,66.26,26846.53,1076.3
11-23-2015,66.4,26904.11,1076.4
11-20-2015,66.06,27079.51,1084.5
11-19-2015,66.09,26845.81,1061.7
11-18-2015,66.03,27035.85,1054.2
11-17-2015,65.98,26932.88,1063.8
11-16-2015,65.89,26785.55,1065.8
11-13-2015,66.06,26220.95,1056.2
11-12-2015,66.06,26154.83,1070.8
11-11-2015,66.07,25778.66,1070.5
11-10-2015,66.2,25616.84,1074.3
11-09-2015,66.48,25863.5,1066.8
11-06-2015,66.14,25822.99,1076.4
11-05-2015,65.86,25651.84,1078
11-04-2015,65.61,26192.98,1068.8
11-03-2015,65.57,26218.91,1068.7
11-02-2015,65.56,25963.97,1083.7
10-30-2015,65.42,25705.93,1080.8
10-29-2015,65.45,25856.7,1080.8
10-28-2015,64.95,25610.21,1084.7
10-27-2015,65.11,25622.17,1088.2
10-26-2015,64.92,25719.58,1087.9
10-23-2015,64.89,25317.87,1087.6
10-22-2015,64.86,24893.81,1104.4
10-21-2015,65.15,25201.9,1106.5
10-20-2015,65.02,25764.78,1114.2
10-19-2015,64.92,25453.56,1135.8
10-16-2015,64.7,25696.44,1141.5
10-15-2015,64.78,26283.09,1147.2
10-14-2015,64.74,26392.38,1177.1
10-13-2015,65.1,26231.19,1166.8
10-12-2015,64.8,25714.66,1167
10-09-2015,64.78,26032.38,1163.3
10-08-2015,64.82,25741.56,1166.6
10-07-2015,64.91,27366.07,1167.6
10-06-2015,65.13,27607.82,1178
10-05-2015,65.13,27931.64,1173.3
10-02-2015,65.36,27831.54,1183.6
10-01-2015,65.63,27878.27,1187.9
09-30-2015,65.52,28067.31,1180.1
09-29-2015,65.84,27549.53,1165.8
09-28-2015,66.27,27512.26,1164.9
09-25-2015,66.17,27866.09,1156.3
09-24-2015,66.11,28101.72,1144.7
09-23-2015,66.18,28236.39,1149
09-22-2015,65.91,28298.13,1146.8
09-21-2015,65.69,28223.08,1138.1
09-18-2015,65.87,28071.93,1137.1
09-17-2015,66.07,28187.06,1114.2
09-16-2015,66.22,28114.56,1115.5
09-15-2015,66.45,27705.35,1127.1
09-14-2015,66.26,27563.43,1132
09-11-2015,66.24,27459.23,1146
09-10-2015,66.3,27561.38,1153.8
09-09-2015,66.62,28112.31,1131.6
09-08-2015,66.29,28370.84,1125
09-07-2015,66.89,28504.93,1133.1
09-04-2015,66.69,28182.14,1138.1
09-03-2015,66.1,28420.12,1117.3
09-02-2015,66.2,28463.31,1119.2
09-01-2015,66.38,28446.12,1102.8
08-31-2015,66.41,28198.29,1107.7
08-28-2015,66.15,27932.9,1103.5
08-27-2015,65.97,27961.19,1109.5
08-26-2015,66,27661.4,1102.2
08-25-2015,66.28,27573.66,1120.4
08-24-2015,66.81,27687.72,1119.9
08-21-2015,66.03,28171.69,1119.9
08-20-2015,65.43,28208.76,1120.6
08-19-2015,65.11,28092.79,1123.7
08-18-2015,65.45,27945.8,1132.5
08-17-2015,65.44,28020.87,1138.7
08-14-2015,65.13,27780.83,1131.6
08-13-2015,65.2,27645.15,1133.1
08-12-2015,64.86,27811.84,1122.4
08-11-2015,64.33,27895.97,1124.6
08-10-2015,63.77,27729.67,1138.2
08-07-2015,63.74,27804.37,1153.4
08-06-2015,63.72,27730.21,1159.6
08-05-2015,63.69,27316.17,1153
08-04-2015,63.8,27115.83,1128.1
08-03-2015,64.18,26832.66,1117.1
07-31-2015,63.99,26686.51,1118.6
07-30-2015,64.14,26586.55,1112.9
07-29-2015,63.82,26425.3,1115.7
07-28-2015,63.8,26370.98,1123.2
07-27-2015,64.2,26840.5,1107.6
07-24-2015,64.11,26481.25,1104.2
07-23-2015,63.92,26523.09,1094.1
07-22-2015,63.57,26768.49,1090.2
07-21-2015,63.58,26813.42,1085.7
07-20-2015,63.6,26837.2,1090.7
07-17-2015,63.49,27188.38,1089.4
07-16-2015,63.46,27848.99,1094.9
07-15-2015,63.51,27828.44,1088.4
07-14-2015,63.28,27506.71,1092.7
07-13-2015,63.45,27564.66,1096.3
07-10-2015,63.36,27531.41,1096.5
07-09-2015,63.32,27643.88,1085.6
07-08-2015,63.46,27957.5,1094
07-07-2015,63.48,27809.35,1091.4
07-06-2015,63.26,27837.21,1103.4
07-03-2015,63.41,27645.53,1106.7
07-02-2015,63.3,27687.3,1131.8
07-01-2015,63.55,27324,1143.8
06-30-2015,63.6,27206.06,1147.2
06-29-2015,63.71,27251.1,1153.3
06-26-2015,63.45,26877.48,1155.2
06-25-2015,63.52,27507.3,1157.7
06-24-2015,63.53,27105.39,1159
06-23-2015,63.61,26599.11,1163.3
06-22-2015,63.52,26717.37,1152.4
06-19-2015,63.5,27440.14,1172.9
06-18-2015,63.58,27490.59,1167.8
06-17-2015,64.01,27011.31,1163
06-16-2015,64.17,27225.93,1169
06-15-2015,64.09,27396.38,1171.5
06-12-2015,64.1,27176.99,1178.5
06-11-2015,63.96,27437.94,1172.9
06-10-2015,63.77,27735.02,1171.5
06-09-2015,64.01,27890.13,1172.6
06-08-2015,63.95,27676.04,1176.2
06-05-2015,63.77,27886.21,1183.7
06-04-2015,63.96,28442.1,1201.5
06-03-2015,64,28666.04,1201.5
06-02-2015,63.69,28799.69,1176.4
06-01-2015,63.59,29044.44,1180.5
05-29-2015,63.74,28879.38,1185.3
05-28-2015,63.76,28885.21,1178.8
05-27-2015,63.83,28707.75,1179.9
05-26-2015,63.97,28516.59,1186.1
05-25-2015,63.5,28504.46,1177.3
05-22-2015,63.49,28260.14,1173.2
05-21-2015,63.58,27957.49,1167.8
05-20-2015,63.6,27975.86,1174.9
05-19-2015,63.76,27458.64,1184.7
05-18-2015,63.71,27457.58,1194.1
05-15-2015,63.44,28111.83,1188.3
05-14-2015,63.38,28161.72,1189.4
05-13-2015,64.01,28192.02,1188.1
05-12-2015,64.15,28261.08,1185.9
05-11-2015,64.01,28469.67,1187.2
05-08-2015,63.71,28622.12,1207.4
05-07-2015,64.07,28736.38,1204.4
05-06-2015,63.62,28437.71,1204.3
05-05-2015,63.37,28503.3,1204.4
05-04-2015,63.52,28930.41,1208.9
05-01-2015,63.72,28659.17,1206.9
04-30-2015,63.53,28709.87,1227.8
04-29-2015,63.46,28844.78,1225.5
04-28-2015,63.05,29448.95,1225.4
04-27-2015,63.35,29380.73,1218.4
04-24-2015,63.66,29593.73,1192.6
04-23-2015,63.28,29459.14,1183.2
04-22-2015,62.98,29361.5,1189.1
04-21-2015,62.85,29220.12,1182.4
04-20-2015,63.14,28746.65,1190.3
04-17-2015,62.55,29007.99,1193.2
04-16-2015,62.32,29004.66,1186.8
04-15-2015,62.36,28975.11,1174.5
04-14-2015,62.27,29231.41,1182.4
04-13-2015,62.41,29462.27,1209.8
04-10-2015,62.28,29320.26,1214
04-09-2015,62.31,29135.88,1203.3
04-08-2015,62.19,29094.93,1175.2
04-07-2015,62.3,28805.1,1194.4
04-06-2015,62.21,28533.97,1186.9
04-03-2015,61.96,28355.62,1202.9
04-02-2015,62.07,28227.39,1193.5
04-01-2015,62.14,28717.91,1202.9
03-31-2015,62.29,28850.97,1198
03-30-2015,62.51,28883.11,1201.5
03-27-2015,62.52,29000.14,1192.8
03-26-2015,62.84,29122.27,1199.3
03-25-2015,62.41,29182.95,1204.6
03-24-2015,62.35,29681.77,1193.6
03-23-2015,62.23,29559.18,1203.1
03-20-2015,62.41,29571.04,1210.6
03-19-2015,62.49,29278.84,1218.6
03-18-2015,62.7,29006.02,1200.9
03-17-2015,62.62,28888.86,1200.9
03-16-2015,62.78,28784.67,1208.1
03-13-2015,63.08,28262.01,1183.1
03-12-2015,62.54,28121.89,1184.8
03-11-2015,62.78,28075.55,1199.8
03-10-2015,62.72,27346.82,1205.1
03-09-2015,62.63,27425.73,1197.3
03-06-2015,62.46,27585.27,1191.7
03-05-2015,62.38,27458.38,1188
03-04-2015,62.31,27274.71,1184.8
03-03-2015,61.82,26908.82,1169.1
03-02-2015,61.86,26987.46,1151.4
02-27-2015,61.66,27842.32,1148.3
02-26-2015,61.73,27887.9,1153.3
02-25-2015,61.86,27507.54,1152.6
02-24-2015,62.17,27499.42,1152.1
02-23-2015,62.16,27403.54,1150.7
02-20-2015,62.11,27395.73,1160.1
02-19-2015,62.14,27241.78,1166.4
02-18-2015,62.06,27208.61,1164.1
02-17-2015,62.16,27506.46,1195.9
02-16-2015,62.11,27701.79,1200.6
02-13-2015,62.08,27371.84,1204
02-12-2015,62.15,27126.57,1207.7
02-11-2015,62.38,26710.13,1212.6
02-10-2015,62.33,26781.44,1209.6
02-09-2015,62.15,27319.56,1201
02-06-2015,61.97,27350.68,1196.9
02-05-2015,61.71,27602.01,1200.3
02-04-2015,61.84,27831.1,1204.4
02-03-2015,61.6,27797.01,1207.1
02-02-2015,61.72,28119.4,1199.7
01-30-2015,62.02,28458.1,1208.1
01-29-2015,61.8,28562.82,1231.7
01-28-2015,61.36,28442.71,1228.8
01-27-2015,61.41,28444.01,1226.5
01-26-2015,61.48,28559.62,1220.1
01-23-2015,61.44,28693.99,1219
01-22-2015,61.61,28438.91,1231.6
01-21-2015,61.56,28386.19,1240.8
01-20-2015,61.66,28338.05,1233.9
01-19-2015,61.65,28499.54,1262
01-16-2015,61.87,28334.63,1263.8
01-15-2015,62.07,28067.56,1259.7
01-14-2015,62.1,28032.85,1276.2
01-13-2015,61.98,28163.29,1278.5
01-12-2015,62.08,28177.88,1254.6
01-09-2015,62.36,28046.66,1285.9
01-08-2015,62.68,27940.64,1291.7
01-07-2015,63.28,28008.9,1279.4
01-06-2015,63.58,27910.06,1292.6
01-05-2015,63.35,27874.73,1300.7
01-02-2015,63.29,27868.63,1293.7
01-01-2015,63.36,27915.88,1294.2
12-31-2014,63.04,27860.38,1275.9
12-30-2014,63.39,27865.83,1279
12-29-2014,63.67,27346.33,1276.9
12-26-2014,63.56,27098.17,1264.7
12-25-2014,63.52,26880.82,1234.4
12-24-2014,63.52,26752.9,1234.3
12-23-2014,63.44,26851.05,1232.7
12-22-2014,63.23,26787.23,1216
12-19-2014,63.25,26575.65,1208.4
12-18-2014,62.99,26429.85,1210.6
12-17-2014,63.53,26108.53,1219.3
12-16-2014,63.66,25999.34,1203.9
12-15-2014,63.18,26349.33,1186
12-12-2014,62.53,26384.07,1186.8
12-11-2014,62.48,26297.38,1183.9
12-10-2014,62.12,26637.28,1200.2
12-09-2014,61.88,26246.79,1181.7
12-08-2014,61.83,26271.97,1195.3
12-05-2014,61.92,26567.99,1177
12-04-2014,61.79,26630.51,1173.5
12-03-2014,61.86,26597.11,1177.9
12-02-2014,61.8,26626.32,1179.7
12-01-2014,61.96,26468.36,1195.9
11-28-2014,62.21,26744.69,1194.7
11-27-2014,61.86,26775.69,1194.3
11-26-2014,61.8,27206.74,1193.9
11-25-2014,61.87,27090.42,1207.2
11-24-2014,61.86,27112.21,1222
11-21-2014,61.77,26631.29,1225.1
11-20-2014,61.93,26492.51,1228.9
11-19-2014,61.95,26816.56,1231.5
11-18-2014,61.73,27061.04,1194.7
11-17-2014,61.83,26995.87,1190.1
11-14-2014,61.72,27057.41,1207.5
11-13-2014,61.6,27265.32,1208.5
11-12-2014,61.38,27319.85,1199.2
11-11-2014,61.52,27026.7,1218
11-10-2014,61.49,27085.93,1175.2
11-07-2014,61.52,27139.94,1188.8
11-06-2014,61.5,27019.39,1196.6
11-05-2014,61.44,26867.55,1197.1
11-04-2014,61.4,26638.11,1195.5
11-03-2014,61.42,26560.15,1197.5
10-31-2014,61.41,26442.81,1190.7
10-30-2014,61.44,26437.02,1193.6
10-29-2014,61.29,26419.55,1196.7
10-28-2014,61.19,26360.11,1183
10-27-2014,61.31,26314.29,1185
10-24-2014,61.17,26420.67,1161.1
10-23-2014,61.17,26390.96,1158.9
10-22-2014,61.2,26103.23,1162.8
10-21-2014,61.15,25918.95,1159.6
10-20-2014,61.24,25880.77,1169.6
10-17-2014,61.37,25519.24,1142.3
10-16-2014,61.84,25329.14,1145.4
10-15-2014,61.38,25589.01,1167.4
10-14-2014,61.4,25665.27,1169.4
10-13-2014,61.01,25908.01,1171.1
10-10-2014,61.29,25723.16,1198.1
10-09-2014,61.06,25480.84,1224.3
10-08-2014,61.36,25894.97,1229.2
10-07-2014,61.31,26087.42,1229.1
10-06-2014,61.55,25991.23,1231.2
10-03-2014,61.55,26126.75,1228.5
10-02-2014,61.55,26271.85,1244.8
10-01-2014,61.73,26147.33,1251
09-30-2014,61.94,26025.8,1244
09-29-2014,61.56,25715.17,1238.3
09-26-2014,61.15,25641.56,1240.5
09-25-2014,61.34,25561.16,1244.1
09-24-2014,60.95,25549.72,1233.6
09-23-2014,61.06,25228.65,1229.3
09-22-2014,60.95,25006.98,1221
09-19-2014,60.86,25024.35,1224.6
09-18-2014,60.74,25372.75,1205.3
09-17-2014,60.92,25444.81,1211.7
09-16-2014,61.06,25582.11,1206.7
09-15-2014,61.11,26100.08,1192.2
09-12-2014,60.66,25962.06,1214.2
09-11-2014,60.93,25823.75,1214.6
09-10-2014,60.93,25841.21,1210.5
09-09-2014,60.61,25516.35,1217.5
09-08-2014,60.28,25413.78,1214.1
09-05-2014,60.4,25099.92,1221.2
09-04-2014,60.36,25062.67,1218.6
09-03-2014,60.49,25313.74,1221
09-02-2014,60.69,25368.9,1216.8
09-01-2014,60.53,25031.32,1215.3
08-29-2014,60.52,25105.51,1225.7
08-28-2014,60.5,25201.8,1234.4
08-27-2014,60.46,25246.25,1235.2
08-26-2014,60.44,25521.19,1233.6
08-25-2014,60.57,25190.48,1229.9
08-22-2014,60.47,25228.17,1237.4
08-21-2014,60.68,25576.21,1243.5
08-20-2014,60.62,25473.89,1246.8
08-19-2014,60.68,25583.69,1252.7
08-18-2014,60.78,25580.21,1265.8
08-15-2014,60.78,25396.46,1265.1
08-14-2014,60.77,25019.51,1268.9
08-13-2014,61.1,24805.83,1263.7
08-12-2014,61.09,24858.59,1287.4
08-11-2014,61.18,24684.85,1287.7
08-08-2014,61.15,24217.34,1285.8
08-07-2014,61.25,24234.15,1288.7
08-06-2014,61.5,24556.09,1281.9
08-05-2014,60.85,24549.51,1283.8
08-04-2014,60.95,24716.88,1277.3
08-01-2014,61.22,24693.35,1278.6
07-31-2014,60.56,24374.4,1273.7
07-30-2014,60.07,24298.02,1293.4
07-29-2014,60.13,24376.88,1295.1
07-28-2014,60.09,24363.05,1297.7
07-25-2014,60.06,24121.74,1304.5
07-24-2014,60.13,23905.6,1313.9
07-23-2014,60.02,23815.12,1312.8
07-22-2014,60.11,23871.23,1308.8
07-21-2014,60.25,23551,1308.5
07-18-2014,60.29,22994.23,1308.9
07-17-2014,60.19,22344.04,1310.8
07-16-2014,60.13,22323.9,1306.7
07-15-2014,60.13,22508.42,1284
07-14-2014,60.13,22445.12,1287.7
07-11-2014,60.1,22403.89,1293.6
07-10-2014,60.2,22417.8,1281.3
07-09-2014,59.77,22466.19,1294.9
07-08-2014,59.76,22631.61,1298.3
07-07-2014,59.96,22688.07,1303.3
07-04-2014,59.73,22876.54,1303.1
07-03-2014,59.74,22758.37,1290.6
07-02-2014,59.69,22764.83,1304.5
07-01-2014,60.06,22628.84,1306.1
06-30-2014,60.06,22277.23,1313.7
06-27-2014,60.05,22484.93,1309.2
06-26-2014,60.21,22628.96,1316.7
06-25-2014,60.09,22715.33,1299.6
06-24-2014,60.16,22702.34,1296.9
06-23-2014,60.16,22343.45,1306.3
06-20-2014,60.18,22359.5,1337
06-19-2014,60.1,22509.07,1338.7
06-18-2014,60.3,22551.49,1323.8
06-17-2014,60.33,22446.44,1316
06-16-2014,60.19,22386.27,1316.5
06-13-2014,59.71,22339.97,1321.3
06-12-2014,59.3,22214.37,1320.4
06-11-2014,59.34,22095.3,1330.7
06-10-2014,59.22,22055.21,1326.4
06-09-2014,59.21,22055.48,1321.8
06-06-2014,59.18,21755.32,1319
06-05-2014,59.26,21753.75,1316.1
06-04-2014,59.28,21740.09,1322.2
06-03-2014,59.34,21832.86,1320.9
06-02-2014,59.16,21832.61,1318
05-30-2014,59.2,21809.8,1316.2
05-29-2014,58.92,21774.61,1313.7
05-28-2014,58.95,21856.22,1272.4
05-27-2014,59.05,21826.42,1271.7
05-26-2014,58.72,21934.83,1274.9
05-23-2014,58.53,21919.79,1273.7
05-22-2014,58.29,21513.87,1273.6
05-21-2014,58.7,21276.86,1260.8
05-20-2014,58.59,21209.73,1259.8
05-19-2014,58.38,20946.65,1253.5
05-16-2014,58.59,21120.12,1252.1
05-15-2014,59.47,20986.99,1253
05-14-2014,59.49,20852.47,1244
05-13-2014,59.47,20811.44,1244.3
05-12-2014,60.06,20700.75,1243.7
05-09-2014,59.97,20536.64,1245.6
05-08-2014,59.9,20722.97,1256.3
05-07-2014,60.03,20634.21,1259.3
05-06-2014,59.99,20464.06,1265.4
05-05-2014,60.24,20366.82,1292.5
05-02-2014,60.19,20193.35,1291.7
05-01-2014,60.27,20448.49,1291.6
04-30-2014,60.35,20363.37,1294.9
04-29-2014,60.43,20334.27,1288
04-28-2014,60.65,20376.56,1294.5
04-25-2014,60.65,20310.74,1293.7
04-24-2014,61.11,20261.03,1293.3
04-23-2014,61.1,20211.93,1293.5
04-22-2014,60.77,20209.26,1305.7
04-21-2014,60.6,20513.85,1294.6
04-18-2014,60.3,20498.25,1295.6
04-17-2014,60.3,20647.3,1287.3
04-16-2014,60.38,20683.51,1287.4
04-15-2014,60.24,20707.45,1288.6
04-14-2014,60.26,21133.56,1308.3
04-11-2014,60.18,21373.66,1309
04-10-2014,60.08,21337.67,1302.6
04-09-2014,60.15,21251.12,1283.1
04-08-2014,60.09,21205.05,1295.6
04-07-2014,60.12,21063.62,1296
04-04-2014,60.09,21265.18,1298.9
04-03-2014,60.17,21289.49,1300.7
04-02-2014,59.91,21032.88,1290.5
04-01-2014,60.02,21134.21,1284.2
03-31-2014,60.02,20758.49,1280.6
03-28-2014,59.89,20713.37,1288
03-27-2014,60.25,20729.38,1293.4
03-26-2014,60.15,20693.24,1303.1
03-25-2014,60.49,20787.3,1300
03-24-2014,60.78,20851.33,1327.2
03-21-2014,60.9,20888.33,1318.7
03-20-2014,61.34,21140.48,1320.1
03-19-2014,60.98,21170.68,1305.5
03-18-2014,61.12,21143.01,1308.7
03-17-2014,61.09,21193.58,1298
03-14-2014,61.21,21074.59,1303.2
03-13-2014,61.18,21032.71,1284.4
03-12-2014,61.22,21101.03,1290.5
03-11-2014,60.95,21079.72,1279.6
03-10-2014,60.85,20708.62,1283.4
03-07-2014,61.09,20859.86,1293.8
03-06-2014,61.12,20612.14,1294.7
03-05-2014,61.76,20659.52,1303.4
03-04-2014,61.91,20715.58,1311.4
03-03-2014,62.05,20925.61,1311.2
02-28-2014,61.8,21171.41,1336
02-27-2014,62,21255.26,1330.5
02-26-2014,61.99,21326.42,1341.4
02-25-2014,61.99,20996.53,1359
02-24-2014,62.08,20957.81,1372.9
02-21-2014,62.14,20708.71,1379
02-20-2014,62.24,20854.92,1372.2
02-19-2014,62.24,20898.01,1370.3
02-18-2014,62.18,20791.93,1346.5
02-17-2014,61.85,20534.91,1341.4
02-14-2014,61.86,20420.26,1338.1
02-13-2014,62.43,20425.02,1351.7
02-12-2014,62.1,20605.08,1340.2
02-11-2014,62.23,20217.39,1337.8
02-10-2014,62.46,20229.05,1350.1
02-07-2014,62.31,20635.13,1321.4
02-06-2014,62.38,20890.82,1331.6
02-05-2014,62.6,20850.74,1328.2
02-04-2014,62.53,20399.42,1343
02-03-2014,62.57,20194.4,1338.3
01-31-2014,62.69,20281.91,1323.9
01-30-2014,62.57,20490.96,1317.1
01-29-2014,62.48,20666.15,1320.6
01-28-2014,62.58,20822.77,1324.7
01-27-2014,63.11,20894.94,1328.5
01-24-2014,62.7,20974.79,1319
01-23-2014,61.93,21266.07,1300.4
01-22-2014,61.82,21196.81,1295.3
01-21-2014,61.89,21164.52,1290.1
01-20-2014,61.63,21033.97,1274.8
01-17-2014,61.55,20929.01,1263.3
01-16-2014,61.54,20570.28,1257.6
01-15-2014,61.58,20683.52,1257.3
01-14-2014,61.49,20725.43,1251.7
01-13-2014,61.53,20767.88,1260.4
01-10-2014,61.91,20864.97,1240.1
01-09-2014,62.1,20893.89,1242.2
01-08-2014,62.17,20882.89,1262.2
01-07-2014,62.31,20415.51,1251
01-06-2014,62.32,20547.62,1263.6
01-03-2014,62.19,20607.54,1264.5
01-02-2014,62.27,20528.59,1262.6
01-01-2014,61.91,20272.91,1239
12-31-2013,61.81,20249.26,1242.3
12-30-2013,61.92,19983.61,1255.1
12-27-2013,61.94,19895.1,1251.7
12-26-2013,62.17,19915.95,1240
12-25-2013,61.8,19902.07,1238.1
12-24-2013,61.76,19517.15,1245.2
12-23-2013,61.96,19379.77,1250.9
12-20-2013,62,19727.27,1246.7
12-19-2013,62.15,19893.85,1229.3
12-18-2013,62.1,19856.24,1225.3
12-17-2013,62.02,19920.21,1229.4
12-16-2013,61.74,19900.96,1237.8
12-13-2013,62.2,20263.71,1238.4
12-12-2013,61.82,20646.64,1225
12-11-2013,61.26,19962.16,1205.4
12-10-2013,61.05,19804.03,1201.9
12-09-2013,61.14,19742.47,1203.1
12-06-2013,61.44,19732.76,1216.1
12-05-2013,61.76,19781.88,1214.1
12-04-2013,62.06,19997.45,1205.1
12-03-2013,62.37,19997.1,1198.4
12-02-2013,62.33,19270.06,1205.1
11-29-2013,62.4,18979.76,1195
11-28-2013,62.28,18567.55,1236.1
11-27-2013,62.15,18234.66,1231.2
11-26-2013,62.51,18886.13,1245.5
11-25-2013,62.51,18619.72,1235.7
11-22-2013,62.73,18401.04,1226
11-21-2013,62.94,17996.15,1258.5
11-20-2013,62.58,17968.08,1262.4
11-19-2013,62.37,18558.13,1235.3
11-18-2013,62.42,18519.44,1230.3
11-15-2013,62.98,18312.94,1233.2
11-14-2013,63.12,17905.91,1248.2
11-13-2013,63.31,18246.04,1221.7
11-12-2013,63.72,18307.52,1222.3
11-11-2013,63.25,18598.18,1250.6
11-08-2013,62.48,19367.59,1243.8
11-07-2013,62.42,19229.84,1237.8
11-06-2013,62.4,18946.98,1241.4
11-05-2013,61.64,18789.34,1241.1
11-04-2013,61.75,18664.88,1244
11-01-2013,61.75,18733.04,1243.5
10-31-2013,61.62,19182.26,1257.9
10-30-2013,61.26,19164.02,1273.4
10-29-2013,61.43,19317.19,1272.2
10-28-2013,61.45,19345.7,1287.3
10-25-2013,61.47,19348.34,1286.2
10-24-2013,61.47,19593.28,1268.3
10-23-2013,61.63,19748.19,1271.1
10-22-2013,61.66,19804.76,1281
10-21-2013,61.58,20090.68,1284.5
10-18-2013,61.24,20302.13,1308.4
10-17-2013,61.14,20159.12,1317.7
10-16-2013,61.74,20149.85,1308
10-15-2013,61.84,20128.41,1314.6
10-14-2013,61.56,19948.73,1313.1
10-11-2013,61.02,19851.23,1323.6
10-10-2013,61.36,20034.48,1349
10-09-2013,61.88,19958.47,1345.2
10-08-2013,61.96,19676.06,1352
10-07-2013,61.8,19294.12,1352.4
10-04-2013,61.44,19439.48,1350.2
10-03-2013,61.74,19324.77,1333.9
10-02-2013,62.46,19495.82,1342.5
10-01-2013,62.46,19410.84,1315.7
09-30-2013,62.59,19177.76,1314.4
09-27-2013,62.52,19463.82,1322.7
09-26-2013,62.08,19577.39,1282
09-25-2013,62.45,19395.81,1273
09-24-2013,62.79,18875.95,1276.4
09-23-2013,62.61,18552.12,1268
09-20-2013,62.24,18629.15,1296.6
09-19-2013,61.78,18540.89,1306.9
09-18-2013,63.39,18774.24,1324.2
09-17-2013,63.38,18719.29,1324.8
09-16-2013,62.84,19245.7,1309.7
09-13-2013,63.38,19223.28,1317.4
09-12-2013,63.43,19325.87,1320.6
09-11-2013,63.28,19177.93,1286
09-10-2013,63.85,18827.16,1326.5
09-09-2013,65.25,19041.13,1338.4
09-06-2013,65.25,19143,1323.6
09-05-2013,66.02,19441.07,1335.9
09-04-2013,67.07,19429.23,1316
09-03-2013,67.64,19519.49,1326.9
09-02-2013,66.01,19568.22,1332.5
08-30-2013,65.71,19545.78,1369.4
08-29-2013,66.56,19610.48,1307.8
08-28-2013,68.81,19760.3,1309.5
08-27-2013,66.31,20215.4,1317.9
08-26-2013,64.3,20147.64,1308.4
08-23-2013,63.21,20160.82,1330.4
08-22-2013,64.56,20030.77,1363.9
08-21-2013,64.12,19704.33,1364.1
08-20-2013,63.13,19674.33,1386.8
08-19-2013,63.14,20062.24,1386.7
08-16-2013,61.67,20111.61,1373.1
08-15-2013,61.43,20223.98,1389.9
08-14-2013,61.28,20286.12,1412
08-13-2013,61.34,20247.33,1393.7
08-12-2013,61.13,20212.96,1396.1
08-09-2013,60.68,19722.29,1412.9
08-08-2013,60.73,19691.67,1419
08-07-2013,61.21,20122.32,1420.6
08-06-2013,60.79,20082.62,1393
08-05-2013,60.86,19939.04,1395.7
08-02-2013,61.11,19990.18,1371.2
08-01-2013,60.57,19888.95,1370.6
07-31-2013,60.86,19673.64,1373.1
07-30-2013,60.82,19575.64,1366.2
07-29-2013,59.56,19735.77,1371.7
07-26-2013,59.05,19504.18,1361.6
07-25-2013,58.97,19387.5,1334
07-24-2013,59.26,19286.72,1321.2
07-23-2013,59.76,19406.85,1334.7
07-22-2013,59.73,19179.36,1312.9
07-19-2013,59.34,19169.83,1310.7
07-18-2013,59.75,19016.46,1286.1
07-17-2013,59.33,18731.16,1283.2
07-16-2013,59.3,18744.93,1302.6
07-15-2013,59.82,18357.8,1310.6
07-12-2013,59.89,18242.56,1311
07-11-2013,59.83,18542.2,1312.4
07-10-2013,59.9,18414.45,1324
07-09-2013,60.1,18226.48,1328.4
07-08-2013,60.7,18437.78,1321.7
07-05-2013,60.23,18450.23,1329
07-04-2013,60.08,18509.7,1319.7
07-03-2013,60.23,18801.64,1335.1
07-02-2013,59.56,19040.95,1336.4
07-01-2013,59.39,18864.75,1293.3
06-28-2013,59.53,18835.77,1284.6
06-27-2013,60.2,18704.53,1277.9
06-26-2013,60.72,18681.42,1290.8
06-25-2013,59.67,18735.6,1283.8
06-24-2013,59.82,18792.87,1277.8
06-21-2013,59.28,18884.19,1280.1
06-20-2013,59.58,19008.1,1247.4
06-19-2013,58.72,19293.2,1245.9
06-18-2013,58.85,19427.56,1234.9
06-17-2013,58.11,19570.44,1212.9
06-14-2013,57.51,19362.55,1247.05
06-13-2013,58.01,19564.92,1252.1
06-12-2013,57.84,19646.21,1243.6
06-11-2013,58.34,19683.23,1255.9
06-10-2013,58.16,19413.54,1223.8
06-07-2013,57.07,19252.61,1211.4
06-06-2013,56.93,19143.17,1229.6
06-05-2013,56.86,18877.96,1274.8
06-04-2013,56.5,18918.52,1276.8
06-03-2013,56.68,18861.54,1291.6
05-31-2013,56.58,19152.41,1285.9
05-30-2013,56.39,19015.14,1373.6
05-29-2013,56.31,19331.69,1366.6
05-28-2013,56.12,19317.01,1382.8
05-27-2013,55.57,19325.36,1387.3
05-24-2013,55.82,19642.75,1377.6
05-23-2013,55.72,19635.72,1391.8
05-22-2013,55.66,19501.08,1377
05-21-2013,55.44,19468.15,1386.2
05-20-2013,55.04,19497.18,1383
05-17-2013,54.9,19608.08,1415.7
05-16-2013,54.79,19561.04,1398.4
05-15-2013,54.79,19460.57,1397.1
05-14-2013,54.81,19484.77,1411.7
05-13-2013,54.84,19580.32,1392.6
05-10-2013,54.81,19639.72,1411.5
05-09-2013,54.37,19659.82,1391.3
05-08-2013,54.09,19751.19,1379.1
05-07-2013,54.07,19781.19,1395.95
05-06-2013,54.14,19894.98,1386.8
05-03-2013,53.81,20005,1392
05-02-2013,53.84,19990.9,1367.6
05-01-2013,53.67,20103.35,1377.8
04-30-2013,53.69,20103.53,1384.3
04-29-2013,54.2,19923.78,1364.9
04-26-2013,54.38,20026.61,1387.1
04-25-2013,54.11,19981.57,1396.5
04-24-2013,54.26,20101.82,1424.7
04-23-2013,54.31,20039.04,1434.5
04-22-2013,54.21,19964.03,1436.8
04-19-2013,53.94,19817.63,1468.8
04-18-2013,54.03,19986.82,1473.9
04-17-2013,54.18,19906.41,1449
04-16-2013,53.97,19663.64,1468.1
04-15-2013,54.55,19663.55,1464.3
04-12-2013,54.52,19666.59,1467.7
04-11-2013,54.31,19742.52,1446.3
04-10-2013,54.42,19691.42,1472.2
04-09-2013,54.48,19784.08,1467.4
04-08-2013,54.61,19764.78,1453.6
04-05-2013,54.81,19714.24,1461.8
04-04-2013,54.89,19580.81,1423.4
04-03-2013,54.53,19426.71,1408.6
04-02-2013,54.43,19444.84,1421
04-01-2013,54.17,19323.8,1395.3
03-29-2013,54.29,19417.46,1392
03-28-2013,54.29,19255.09,1382.2
03-27-2013,54.43,19242,1386.8
03-26-2013,54.48,19453.92,1360.6
03-25-2013,54.3,19476,1501
03-22-2013,54.35,19364.75,1564.3
03-21-2013,54.45,19244.42,1558.3
03-20-2013,54.33,19317.25,1586.2
03-19-2013,54.5,19229.26,1572
03-18-2013,54.08,19355.26,1575.4
03-15-2013,54.03,19387.14,1551.8
03-14-2013,54.19,19409.69,1552.8
03-13-2013,54.37,19424.1,1575.1
03-12-2013,54.15,19486.8,1600
03-11-2013,54.34,19391.86,1594.8
03-08-2013,54.35,19348.12,1606.2
03-07-2013,54.46,19305.32,1595.8
03-06-2013,54.81,19339.9,1604.6
03-05-2013,54.96,19170.91,1606.2
03-04-2013,54.96,18842.08,1613.8
03-01-2013,54.91,18537.01,1607.5
02-28-2013,54.37,18506.57,1611.3
02-27-2013,53.87,18517.34,1604.6
02-26-2013,54.1,18460.38,1592.5
02-25-2013,54,18329.32,1590.6
02-22-2013,54.28,18339,1588.3
02-21-2013,54.48,18309.37,1591.5
02-20-2013,54.08,18471.37,1577.8
02-19-2013,54.13,18618.87,1576.6
02-18-2013,54.27,18670.34,1574.8
02-15-2013,54.33,18683.68,1574.6
02-14-2013,54,18846.26,1574.6
02-13-2013,53.83,18902.41,1572.1
02-12-2013,53.8,18817.38,1571.9
02-11-2013,53.97,18762.87,1577.7
02-08-2013,53.6,18755.45,1595.2
02-07-2013,53.23,18561.7,1615.2
02-06-2013,53.16,18505.38,1586.2
02-05-2013,53.04,18430.85,1572.4
02-04-2013,53.29,18635.82,1578.2
02-01-2013,53.17,18625.34,1577.6
01-31-2013,53.28,18758.63,1603.6
01-30-2013,53.25,18710.02,1608.8
01-29-2013,53.66,18793.44,1634.7
01-28-2013,54.06,18682.31,1644.2
01-25-2013,53.8,18791.93,1648.7
01-24-2013,53.71,18610.77,1648.2
01-23-2013,53.68,18577.7,1666
01-22-2013,53.73,18713.55,1670.4
01-21-2013,53.78,18675.18,1677.7
01-18-2013,53.75,18804.75,1672.4
01-17-2013,54.36,18631.1,1675.3
01-16-2013,54.67,18793.36,1669.4
01-15-2013,54.61,18708.98,1660.6
01-14-2013,54.53,18938.46,1679.9
01-11-2013,54.88,19058.15,1660.7
01-10-2013,54.43,18869.69,1652.4
01-09-2013,54.81,18823.91,1656.4
01-08-2013,54.97,18762.74,1669.5
01-07-2013,55.23,18579.5,1686.3
01-04-2013,54.94,18632.17,1692.8
01-03-2013,54.51,18694.41,1686.6
01-02-2013,54.24,18673.34,1690.4
01-01-2013,54.69,18752.83,1682.7
12-31-2012,55,18349.25,1683.4
12-28-2012,54.76,18496.01,1668.9
12-27-2012,54.94,18542.31,1660
12-26-2012,54.85,18464.27,1677.3
12-25-2012,55.02,18021.16,1654.8
12-24-2012,54.96,18000.03,1661.5
12-21-2012,55.07,17852.95,1645.5
12-20-2012,54.88,17766.78,1648.1
12-19-2012,54.69,17749.65,1673.7
12-18-2012,54.94,17683.73,1687.9
12-17-2012,54.86,17346.27,1674.8
12-14-2012,54.45,17313.34,1654.9
12-13-2012,54.52,17440.87,1662.6
12-12-2012,54.15,17384.4,1659.8
12-11-2012,54.27,17429.56,1658.6
12-10-2012,54.36,17541.64,1659.1
12-07-2012,54.35,17490.81,1644.9
12-06-2012,54.24,17631.71,1666.5
12-05-2012,54.44,17678.81,1669.5
12-04-2012,54.75,17783.21,1697
12-03-2012,54.78,17850.22,1695.8
11-30-2012,54.27,17846.86,1695.6
11-29-2012,54.72,17885.26,1716.6
11-28-2012,55.71,17691.08,1708.2
11-27-2012,55.46,17657.21,1713
11-26-2012,55.64,17728.2,1704
11-23-2012,55.45,17633.45,1700.3
11-22-2012,55.13,17557.74,1692.4
11-21-2012,55.12,17560.87,1694.4
11-20-2012,55.11,17600.56,1719.6
11-19-2012,54.98,17601.78,1710.9
11-16-2012,55.17,17412.96,1727.2
11-15-2012,54.66,17197.93,1716.5
11-14-2012,55.03,17224.36,1742.2
11-13-2012,55.02,17257.38,1749.5
11-12-2012,54.89,17236.18,1751.3
11-09-2012,54.6,17143.68,1727.9
11-08-2012,54.37,16839.19,1723.2
11-07-2012,54.21,16639.82,1734
11-06-2012,54.43,16846.05,1714.3
11-05-2012,54.6,16918.08,1713.3
11-02-2012,53.82,16877.35,1729.5
11-01-2012,53.66,17158.44,1724.2
10-31-2012,53.81,17278.85,1730.3
10-30-2012,53.97,17185.01,1730.3
10-29-2012,54.09,17105.3,1725.4
10-26-2012,53.56,17103.31,1713.2
10-25-2012,53.56,17213.7,1714.1
10-24-2012,53.74,17232.55,1682.2
10-23-2012,53.73,17489.14,1674.1
10-22-2012,53.56,17618.35,1714.1
10-19-2012,53.85,17391.98,1717.5
10-18-2012,53.6,17521.12,1710.5
10-17-2012,52.87,17538.67,1707.7
10-16-2012,52.83,17462.81,1710.9
10-15-2012,52.99,17425.71,1712
10-12-2012,52.81,17398.98,1700.5
10-11-2012,52.67,17429.98,1708.3
10-10-2012,53.03,16990.76,1725.1
10-09-2012,52.7,16967.76,1722.8
10-08-2012,52.55,16906.58,1743.3
10-05-2012,51.92,16882.16,1751.5
10-04-2012,51.75,16972.51,1744.7
10-03-2012,52.24,17032.56,1736
10-02-2012,52.43,16896.63,1758
10-01-2012,52.38,16859.8,1768.8
09-28-2012,52.86,16705.83,1763.2
09-27-2012,52.93,16949.83,1763
09-26-2012,53.59,16677.88,1773.5
09-25-2012,53.37,16880.51,1778.6
09-24-2012,53.44,16862.8,1794.1
09-21-2012,53.37,16668.01,1777.3
09-20-2012,54.27,16718.87,1772.7
09-19-2012,54.03,16649.05,1780.5
09-18-2012,53.91,16454.3,1771.1
09-17-2012,53.89,16020.64,1777.6
09-14-2012,54.31,15988.4,1750.6
09-13-2012,55.35,15965.16,1763.8
09-12-2012,55.22,16218.53,1762.1
09-11-2012,55.26,16312.15,1775.5
09-10-2012,55.45,16438.58,1767.7
09-07-2012,55.37,16416.84,1769
09-06-2012,55.67,16217.82,1768.4
09-05-2012,55.91,16222.3,1767.7
09-04-2012,55.62,15948.1,1769.8
09-03-2012,55.54,16026.41,1769.1
08-31-2012,55.53,16183.26,1730.6
08-30-2012,55.64,16152.75,1731.8
08-29-2012,55.71,16070.48,1728.7
08-28-2012,55.67,16030.09,1737.5
08-27-2012,55.7,16328.25,1702.6
08-24-2012,55.51,16215.84,1690.8
08-23-2012,55.27,16292.98,1692.9
08-22-2012,55.5,16420.05,1684.6
08-21-2012,55.31,16479.58,1653.5
08-20-2012,55.51,16546.18,1659.8
08-17-2012,55.74,16912.71,1666.5
08-16-2012,55.63,16831.08,1672.4
08-15-2012,55.53,17151.19,1669.8
08-14-2012,55.61,17301.91,1669.6
08-13-2012,55.35,17318.81,1637.4
08-10-2012,55.29,17134.25,1639.9
08-09-2012,55.18,17130.67,1620.1
08-08-2012,55.29,17151.29,1616.3
08-07-2012,55.07,17207.29,1616.1
08-06-2012,55.53,17096.68,1603.7
08-03-2012,55.76,17373.84,1599.4
08-02-2012,55.85,17503.71,1609.6
08-01-2012,55.48,17392.39,1619.7
07-31-2012,55.56,17357.94,1617.1
07-30-2012,55.44,17150.95,1612.9
07-27-2012,55.26,17094.51,1609.7
07-26-2012,55.5,17332.62,1612.9
07-25-2012,56.03,17199.4,1606
07-24-2012,56.18,17243.84,1587.4
07-23-2012,55.93,17222.14,1603.7
07-20-2012,55.33,17486.02,1610.5
07-19-2012,55.18,17597.42,1619.7
07-18-2012,55.32,17478.15,1617.9
07-17-2012,55.04,17404.2,1615
07-16-2012,55.06,17058.61,1608
07-13-2012,55.15,17121.62,1576
07-12-2012,55.84,17257.36,1577.1
07-11-2012,55.53,17052.78,1582.5
07-10-2012,55.4,17361.74,1580.1
07-09-2012,55.85,17196.47,1570.4
07-06-2012,55.41,17601.71,1589.1
07-05-2012,54.97,17316.18,1591.2
07-04-2012,54.55,17273.37,1591.6
07-03-2012,54.22,17466.2,1564.9
07-02-2012,55.39,17675.85,1575.2
06-29-2012,55.51,17919.3,1579.3
06-28-2012,56.83,17813.62,1588.6
06-27-2012,56.89,17587.67,1578.4
06-26-2012,56.97,17503.24,1608.9
06-25-2012,56.97,17145.52,1621.3
06-22-2012,57.13,17173.29,1597.2
06-21-2012,56.26,17362.87,1603.5
06-20-2012,56.15,17636.99,1549.7
06-19-2012,55.89,17636.8,1577.5
06-18-2012,55.83,17583.97,1574
06-15-2012,55.4,17752.68,1587.5
06-14-2012,55.71,17731.12,1566
06-13-2012,55.57,17445.75,1564.5
06-12-2012,55.81,17923.57,1614.8
06-11-2012,55.7,18078.5,1622.2
06-08-2012,55.43,18145.25,1625.7
06-07-2012,54.97,18428.61,1627
06-06-2012,55.27,18289.35,1618.4
06-05-2012,55.55,18153.99,1618.1
06-04-2012,55.66,18202.41,1612.7
06-01-2012,55.55,17848.57,1595.5
05-31-2012,56.04,17772.84,1590.1
05-30-2012,56.14,17748.69,1586.6
05-29-2012,55.62,17830.75,1632.8
05-28-2012,55.19,17707.32,1615.2
05-25-2012,55.38,17622.45,1612.2
05-24-2012,55.56,17707.31,1620.5
05-23-2012,55.96,17604.96,1562.6
05-22-2012,55.35,17431.85,1563.4
05-21-2012,54.98,17300.58,1548.6
05-18-2012,54.43,17193.55,1568.8
05-17-2012,54.36,16863.3,1557.3
05-16-2012,54.35,17233.98,1548.1
05-15-2012,53.8,17077.18,1576.3
05-14-2012,53.93,16995.77,1588.4
05-11-2012,53.64,16751.73,1591.6
05-10-2012,53.26,16739.01,1574.5
05-09-2012,53.76,16643.74,1536.2
05-08-2012,53.13,16451.47,1556.8
05-07-2012,52.85,16466.05,1560.6
05-04-2012,53.48,16189.36,1583.6
05-03-2012,53.34,16154.62,1595.1
05-02-2012,52.99,16037.51,1593.7
05-01-2012,52.51,16175.86,1604
04-30-2012,52.67,16165.09,1638.6
04-27-2012,52.55,15814.72,1644.7
04-26-2012,52.41,15848.8,1634.2
04-25-2012,52.46,15867.73,1653.4
04-24-2012,52.59,15857.08,1661.7
04-23-2012,52.39,15882.64,1663.4
04-20-2012,52.08,15939.36,1664
04-19-2012,52.09,15517.92,1659.6
04-18-2012,51.73,15454.92,1641.4
04-17-2012,51.4,15543.93,1643
04-16-2012,51.62,15727.85,1631.9
04-13-2012,51.55,15873.95,1642.1
04-12-2012,51.24,15970.75,1640.6
04-11-2012,51.47,15738.7,1638.8
04-10-2012,51.49,15813.36,1650.3
04-09-2012,51.2,15685.21,1648.7
04-06-2012,51.12,15175.08,1659.1
04-05-2012,51.04,15379.34,1679.5
04-04-2012,51.05,15491.35,1659
04-03-2012,50.56,15836.47,1659.5
04-02-2012,50.8,15881.14,1642.5
03-30-2012,50.88,16002.51,1628.5
03-29-2012,51.35,15870.35,1612.3
03-28-2012,50.78,16213.46,1670
03-27-2012,50.67,16488.24,1677.5
03-26-2012,51.03,16877.06,1669.3
03-23-2012,51.18,16805.33,1652.2
03-22-2012,51.3,16846.83,1657.9
03-21-2012,50.64,16483.45,1684.8
03-20-2012,50.54,16123.46,1685.5
03-19-2012,50.18,16008.34,1662.3
03-16-2012,50.14,16167.13,1642.3
03-15-2012,50.3,15695.43,1650
03-14-2012,49.93,15858.49,1646.7
03-13-2012,49.86,15699.97,1666.9
03-12-2012,49.98,16065.42,1655.5
03-09-2012,49.76,15946.1,1659.1
03-08-2012,50.08,16371.51,1642.5
03-07-2012,50.28,16461.71,1693.7
03-06-2012,50.37,16775.87,1699.2
03-05-2012,49.83,16882.67,1710.9
03-02-2012,49.53,17118.74,1698.1
03-01-2012,49.23,17192.82,1683.3
02-29-2012,49.11,17362.1,1671.4
02-28-2012,48.97,17569.53,1703
02-27-2012,49.17,17562.61,1708.8
02-24-2012,49.02,17481.93,1721.1
02-23-2012,49.1,17464.85,1709.9
02-22-2012,49.17,17480.83,1787
02-21-2012,49.23,17705.01,1773.6
02-20-2012,49.16,17804.8,1775.1
02-17-2012,49.33,17288.83,1784.9
02-16-2012,49.29,17254.86,1770
02-15-2012,49.39,16939.28,1757.1
02-14-2012,49.49,16785.64,1724.5
02-13-2012,49.15,16936.89,1726.8
02-10-2012,49.36,17085.34,1726.3
02-09-2012,49.45,16748.29,1715.9
02-08-2012,49.08,17025.09,1723
02-07-2012,49.13,17082.69,1723.3
02-06-2012,49.06,16883.92,1739
02-03-2012,48.61,16958.39,1729.3
02-02-2012,49.04,16536.47,1746.4
02-01-2012,49.14,16557.23,1722.8
01-31-2012,49.52,16232.54,1737.9
01-30-2012,49.6,15792.41,1756.8
01-27-2012,49.4,15864.86,1747.1
01-26-2012,49.43,16151.45,1737.8
01-25-2012,50.01,16453.76,1731
01-24-2012,50.01,16698.07,1731.8
01-23-2012,49.97,16446.02,1726.3
01-20-2012,50.23,16524.03,1699.8
01-19-2012,50.15,16051.1,1664.2
01-18-2012,50.31,16162.06,1678
01-17-2012,50.8,16361.15,1663.7
01-16-2012,51.37,17065.15,1654.1
01-13-2012,51.44,17099.28,1659.5
01-12-2012,51.52,16745.35,1655.2
01-11-2012,51.79,16933.83,1630.4
01-10-2012,51.6,16876.54,1647.3
01-09-2012,52.4,16709.6,1639.2
01-06-2012,52.68,16467.44,1631
01-05-2012,52.87,16501.74,1607.5
01-04-2012,52.86,16866.97,1616.1
01-03-2012,53.1,17165.54,1619.4
01-02-2012,53.31,17065,1611.9
12-30-2011,53.02,16862.81,1599.7
12-29-2011,53.01,16713.33,1565.8
12-28-2011,52.89,16821.46,1539.9
12-27-2011,52.92,16676.75,1562.9
12-26-2011,52.72,16416.33,1594.2
12-23-2011,52.79,15848.83,1604.7
12-22-2011,52.57,16146.33,1608.9
12-21-2011,52.4,16284.98,1611.9
12-20-2011,52.77,16498.47,1615.6
12-19-2011,52.7,16341.7,1594.4
12-16-2011,52.5,16141.67,1595.6
12-15-2011,53.52,16469.79,1574.6
12-14-2011,53.61,16840.8,1584.3
12-13-2011,53.1,16730.94,1659.9
12-12-2011,52.61,16839.63,1664.2
12-09-2011,51.88,17059.4,1712.8
12-08-2011,51.71,17130.51,1709.8
12-07-2011,51.63,16857.91,1740.9
12-06-2011,51.24,16990.18,1727.9
12-05-2011,51.26,17305.87,1730.7
12-02-2011,51.11,17693.18,1747
12-01-2011,51.37,17940.55,1735.3
11-30-2011,52.13,18109.89,1745.5
11-29-2011,51.91,18314.33,1713.4
11-28-2011,51.96,18197.2,1710.8
11-25-2011,52.14,18209.52,1685.5
11-24-2011,52.07,18432.25,1695.7
11-23-2011,52.24,18518.22,1702.2
11-22-2011,52.49,18871.29,1678.3
11-21-2011,52.07,18722.3,1724.7
11-18-2011,51.24,18436.19,1719.8
11-17-2011,50.96,18502.38,1773.8
11-16-2011,50.75,18653.87,1781.7
11-15-2011,50.63,18507.04,1777.8
11-14-2011,50.41,18561.92,1787.5
11-11-2011,50.01,18618.2,1758.9
11-10-2011,49.99,18596.02,1790.9
11-09-2011,50.06,18411.62,1798.4
11-08-2011,49.31,18721.39,1790.3
11-07-2011,48.95,18858.04,1755.3
11-04-2011,49,19078.3,1764.2
11-03-2011,49.15,18726.97,1728.7
11-02-2011,49.19,18744.56,1711
11-01-2011,49.28,18814.48,1724.2
10-31-2011,48.7,18762.8,1746.2
10-28-2011,48.62,18845.87,1746.7
10-27-2011,49.01,18693.86,1722.7
10-26-2011,49.51,18492.45,1699.6
10-25-2011,49.51,18412.41,1651.5
10-24-2011,49.83,18240.68,1635.1
10-21-2011,49.85,17727.49,1611.9
10-20-2011,49.81,17550.63,1646
10-19-2011,49.16,17560.3,1651.7
10-18-2011,49.3,17506.63,1675.5
10-17-2011,48.96,17870.53,1681.8
10-14-2011,49.02,17985.88,1667.3
10-13-2011,49.13,18132.24,1681.3
10-12-2011,48.96,18308.66,1659.7
10-11-2011,49.34,18266.03,1669.6
10-10-2011,48.98,18268.54,1634.5
10-07-2011,49.04,18384.9,1651.9
10-06-2011,49.15,18394.29,1640.3
10-05-2011,49.35,18495.62,1614.7
10-04-2011,49.41,18420.11,1656
10-03-2011,49.16,18376.48,1620.4
09-30-2011,49.02,18494.18,1615.5
09-29-2011,48.98,18608.81,1616.3
09-28-2011,49.1,18503.28,1650.6
09-27-2011,48.92,18232.06,1592.5
09-26-2011,49.45,18266.1,1637.5
09-23-2011,49.35,18044.64,1739.2
09-22-2011,49.58,17847.24,1805.5
09-21-2011,48.33,18011.97,1806.6
09-20-2011,48.06,17993.33,1776.4
09-19-2011,47.81,18326.09,1812.1
09-16-2011,47.33,18141.4,1778.5
09-15-2011,47.57,18086.2,1823.5
09-14-2011,47.65,18137.35,1826.8
09-13-2011,47.6,18345.03,1809.9
09-12-2011,47.23,18531.28,1856.4
09-09-2011,46.49,18335.79,1854.4
09-08-2011,46.19,18584.96,1814.2
09-07-2011,46.17,18512.77,1869.9
09-06-2011,46.12,18528.96,1873.7
09-05-2011,45.99,18518.81,1826
09-02-2011,45.79,18210.58,1828.5
09-01-2011,45.67,18469.36,1826.7
08-31-2011,45.8,18534.69,1788.4
08-30-2011,46.09,18998.02,1794.1
08-29-2011,46.06,19135.96,1759.8
08-26-2011,46.16,19292.02,1754.1
08-25-2011,46.05,19448.69,1858.3
08-24-2011,46,19545.35,1888.7
08-23-2011,45.63,19584.31,1848.9
08-22-2011,45.57,19602.23,1818.9
08-19-2011,45.67,19470.98,1791.2
08-18-2011,45.75,19121.83,1782.4
08-17-2011,45.41,19091.17,1755.5
08-16-2011,45.39,19386.82,1740.2
08-15-2011,45.35,19696.86,1748.8
08-12-2011,45.4,19262.54,1781.3
08-11-2011,45.42,19451.45,1740
08-10-2011,45.26,19591.18,1710.2
08-09-2011,45.21,19612.2,1648.8
08-08-2011,44.97,19686.82,1656.2
08-05-2011,44.72,19701.73,1663.4
08-04-2011,44.55,19420.39,1641.9
08-03-2011,44.32,19445.22,1619
08-02-2011,44.24,19290.18,1628.3
08-01-2011,44.07,19120.8,1613.4
07-29-2011,44.21,18943.14,1615
07-28-2011,44.08,18815.64,1616.6
07-27-2011,44.09,18350.74,1612
07-26-2011,44.18,18206.16,1601.3
07-25-2011,44.4,17988.3,1586.8
07-22-2011,44.35,17839.05,1596.7
07-21-2011,44.41,17878.81,1600.9
07-20-2011,44.45,18149.87,1602.1
07-19-2011,44.5,18358.69,1589.8
07-18-2011,44.57,18167.64,1589
07-15-2011,44.52,18439.48,1585.2
07-14-2011,44.51,18174.09,1561.9
07-13-2011,44.53,18327.98,1548.8
07-12-2011,44.71,18469.95,1541.2
07-11-2011,44.49,18439.65,1530.2
07-08-2011,44.38,18222.67,1528.7
07-07-2011,44.28,18486.45,1512.3
07-06-2011,44.48,18489.76,1482.3
07-05-2011,44.43,18446.5,1502.3
07-04-2011,44.43,17823.4,1509.9
07-01-2011,44.63,17700.91,1499.7
06-30-2011,44.7,17632.41,1496
